Series Name,Series Code,Country Name,Country Code,2000 [YR2000],2001 [YR2001],2002 [YR2002],2003 [YR2003],2004 [YR2004],2005 [YR2005],2006 [YR2006],2007 [YR2007],2008 [YR2008],2009 [YR2009],2010 [YR2010],2011 [YR2011],2012 [YR2012],2013 [YR2013],2014 [YR2014],2015 [YR2015],2016 [YR2016]
Improved sanitation facilities (% of population with access),SH.STA.ACSN,Afghanistan,AFG,23.4,23.9,24.5,25.1,25.7,26.3,26.9,27.4,28,28.7,29.3,29.9,30.5,31.1,31.8,31.9,..
Improved sanitation facilities (% of population with access),SH.STA.ACSN,Albania,ALB,83.4,84.2,85,85.8,86.6,87.4,88.1,88.9,89.6,90.2,90.9,91.5,92.1,92.7,93.2,93.2,..
Improved sanitation facilities (% of population with access),SH.STA.ACSN,Algeria,DZA,83.6,84,84.3,84.7,85,85.3,85.6,85.8,86.1,86.4,86.6,86.8,87,87.2,87.4,87.6,..
Improved sanitation facilities (% of population with access),SH.STA.ACSN,American Samoa,ASM,61.5,61.6,61.7,61.8,61.8,61.9,62,62.1,62.1,62.2,62.3,62.4,62.5,62.5,62.5,62.5,..
Improved sanitation facilities (% of population with access),SH.STA.ACSN,Andorra,AND,100,100,100,100,100,100,100,100,100,100,100,100,100,100,100,100,..
Improved sanitation facilities (% of population with access),SH.STA.ACSN,Angola,AGO,32.1,33.5,34.8,36.2,37.6,39,40.4,41.8,43.3,44.7,46.2,47.6,49.1,50.6,51.1,51.6,..
Improved sanitation facilities (% of population with access),SH.STA.ACSN,Antigua and Barbuda,ATG,84.6,85.5,86.5,87.5,88.5,89.5,90.4,91.4,91.4,91.4,91.4,91.4,..,..,..,..,..
Improved sanitation facilities (% of population with access),SH.STA.ACSN,Argentina,ARG,91.4,91.7,92.1,92.5,92.8,93.2,93.5,93.9,94.2,94.5,94.9,95.2,95.5,95.8,96.1,96.4,..
Improved sanitation facilities (% of population with access),SH.STA.ACSN,Armenia,ARM,89.3,89.3,89.3,89.4,89.4,89.4,89.5,89.5,89.5,89.5,89.5,89.5,89.5,89.5,89.5,89.5,..
Improved sanitation facilities (% of population with access),SH.STA.ACSN,Aruba,ABW,98.2,98.1,98.1,98,98,98,97.9,97.9,97.8,97.8,97.7,97.7,97.7,97.7,97.7,97.7,..
Improved sanitation facilities (% of population with access),SH.STA.ACSN,Australia,AUS,100,100,100,100,100,100,100,100,100,100,100,100,100,100,100,100,..
Improved sanitation facilities (% of population with access),SH.STA.ACSN,Austria,AUT,100,100,100,100,100,100,100,100,100,100,100,100,100,100,100,100,..
Improved sanitation facilities (% of population with access),SH.STA.ACSN,Azerbaijan,AZE,65.6,67.2,68.8,70.5,72.1,73.7,75.3,76.8,78.4,80,81.6,83.2,84.7,86.3,87.9,89.3,..
Improved sanitation facilities (% of population with access),SH.STA.ACSN,"Bahamas, The",BHS,88.6,88.9,89.2,89.4,89.7,90,90.3,90.6,90.9,91.2,91.4,91.7,92,92,92,92,..
Improved sanitation facilities (% of population with access),SH.STA.ACSN,Bahrain,BHR,99.1,99.2,99.2,99.2,99.2,99.2,99.2,99.2,99.2,99.2,99.2,99.2,99.2,99.2,99.2,99.2,..
Improved sanitation facilities (% of population with access),SH.STA.ACSN,Bangladesh,BGD,45.4,46.5,47.6,48.6,49.7,50.7,51.8,52.8,53.8,54.8,55.8,56.8,57.7,58.7,59.6,60.6,..
Improved sanitation facilities (% of population with access),SH.STA.ACSN,Barbados,BRB,86.8,87.4,88.1,88.8,89.5,90.1,90.8,91.5,92.2,92.8,93.5,94.2,94.9,95.5,96.2,96.2,..
Improved sanitation facilities (% of population with access),SH.STA.ACSN,Belarus,BLR,94.8,94.8,94.8,94.7,94.7,94.6,94.6,94.6,94.5,94.5,94.5,94.4,94.4,94.4,94.3,94.3,..
Improved sanitation facilities (% of population with access),SH.STA.ACSN,Belgium,BEL,99.5,99.5,99.5,99.5,99.5,99.5,99.5,99.5,99.5,99.5,99.5,99.5,99.5,99.5,99.5,99.5,..
Improved sanitation facilities (% of population with access),SH.STA.ACSN,Belize,BLZ,82.7,83.3,84,84.6,85.3,86,86.6,87.3,87.9,88.6,89.2,89.9,90.2,90.6,90.5,90.5,..
Improved sanitation facilities (% of population with access),SH.STA.ACSN,Benin,BEN,11.9,12.4,12.9,13.4,14,14.5,15.1,15.6,16.2,16.7,17.3,17.8,18.4,19,19.6,19.7,..
Improved sanitation facilities (% of population with access),SH.STA.ACSN,Bermuda,BMU,..,..,..,..,..,..,..,..,..,..,..,..,..,..,..,..,..
Improved sanitation facilities (% of population with access),SH.STA.ACSN,Bhutan,BTN,31,32.5,34.1,35.7,37.4,39,40.5,42.1,43.6,45.2,46.8,48.3,49.4,49.7,50.1,50.4,..
Improved sanitation facilities (% of population with access),SH.STA.ACSN,Bolivia,BOL,37.7,38.6,39.5,40.4,41.3,42.2,43.1,44,44.9,45.8,46.7,47.5,48.4,49.3,50.2,50.3,..
Improved sanitation facilities (% of population with access),SH.STA.ACSN,Bosnia and Herzegovina,BIH,94.9,94.9,94.9,94.9,94.9,94.9,94.8,94.8,94.8,94.8,94.8,94.8,94.8,94.8,94.8,94.8,..
Improved sanitation facilities (% of population with access),SH.STA.ACSN,Botswana,BWA,51.6,52.7,53.7,54.5,55.4,56.3,57.2,58,58.9,59.8,60.6,61.5,62.4,63.3,63.3,63.4,..
Improved sanitation facilities (% of population with access),SH.STA.ACSN,Brazil,BRA,74.7,75.3,75.9,76.5,77.1,77.7,78.2,78.8,79.4,79.9,80.5,81.1,81.6,82.1,82.7,82.8,..
Improved sanitation facilities (% of population with access),SH.STA.ACSN,British Virgin Islands,VGB,97.5,97.5,97.5,97.5,97.5,97.5,97.5,97.5,97.5,97.5,97.5,97.5,97.5,97.5,97.5,97.5,..
Improved sanitation facilities (% of population with access),SH.STA.ACSN,Brunei Darussalam,BRN,..,..,..,..,..,..,..,..,..,..,..,..,..,..,..,..,..
Improved sanitation facilities (% of population with access),SH.STA.ACSN,Bulgaria,BGR,85.6,85.7,85.8,85.8,85.8,85.9,85.9,85.9,85.9,85.9,85.9,85.9,86,86,86,86,..
Improved sanitation facilities (% of population with access),SH.STA.ACSN,Burkina Faso,BFA,11.6,12.1,12.7,13.2,13.8,14.4,15,15.6,16.2,16.8,17.4,18,18.6,19,19.4,19.7,..
Improved sanitation facilities (% of population with access),SH.STA.ACSN,Burundi,BDI,44.3,44.6,44.8,45.1,45.3,45.6,45.9,46.1,46.4,46.7,46.9,47.2,47.5,47.8,48,48,..
Improved sanitation facilities (% of population with access),SH.STA.ACSN,Cabo Verde,CPV,43.6,45.7,47.8,49.9,52,54,56.1,58.1,60.2,62.2,64.2,66.2,68.1,70.1,72,72.2,..
Improved sanitation facilities (% of population with access),SH.STA.ACSN,Cambodia,KHM,16.3,18,19.8,21.5,23.2,24.9,26.6,28.4,30.1,31.9,33.6,35.4,37.2,39,40.8,42.4,..
Improved sanitation facilities (% of population with access),SH.STA.ACSN,Cameroon,CMR,42.2,42.4,42.7,42.9,43.2,43.4,43.7,43.9,44.2,44.4,44.7,44.9,45.2,45.4,45.6,45.8,..
Improved sanitation facilities (% of population with access),SH.STA.ACSN,Canada,CAN,99.8,99.8,99.8,99.8,99.8,99.8,99.8,99.8,99.8,99.8,99.8,99.8,99.8,99.8,99.8,99.8,..
Improved sanitation facilities (% of population with access),SH.STA.ACSN,Cayman Islands,CYM,95.5,95.6,95.5,95.5,95.6,95.5,95.6,95.6,95.5,95.6,95.6,95.6,95.6,95.6,95.5,95.6,..
Improved sanitation facilities (% of population with access),SH.STA.ACSN,Central African Republic,CAF,17.2,17.5,17.8,18.2,18.5,18.9,19.2,19.6,19.9,20.3,20.7,21.1,21.5,21.6,21.7,21.8,..
Improved sanitation facilities (% of population with access),SH.STA.ACSN,Chad,TCD,9.7,9.9,10.1,10.3,10.5,10.7,10.8,11,11.2,11.4,11.6,11.8,12,12,12,12.1,..
Improved sanitation facilities (% of population with access),SH.STA.ACSN,Channel Islands,CHI,..,..,..,..,..,..,..,..,..,..,..,..,..,..,..,..,..
Improved sanitation facilities (% of population with access),SH.STA.ACSN,Chile,CHL,91.7,92.3,92.9,93.6,94.2,94.8,95.4,96,96.6,97.1,97.7,98.3,98.8,99,99,99.1,..
Improved sanitation facilities (% of population with access),SH.STA.ACSN,China,CHN,58.8,60,61.2,62.4,63.7,64.9,66.1,67.2,68.4,69.6,70.8,71.9,73.1,74.2,75.4,76.5,..
Improved sanitation facilities (% of population with access),SH.STA.ACSN,Colombia,COL,74.6,75.1,75.6,76.1,76.6,77.1,77.5,78,78.4,78.9,79.3,79.8,80.2,80.6,81.1,81.1,..
Improved sanitation facilities (% of population with access),SH.STA.ACSN,Comoros,COM,25.1,25.8,26.6,27.4,28.1,28.9,29.6,30.4,31.2,31.9,32.7,33.5,34.2,35,35.8,35.8,..
Improved sanitation facilities (% of population with access),SH.STA.ACSN,"Congo, Dem. Rep.",COD,22.7,23.1,23.5,24,24.4,24.8,25.2,25.6,26,26.4,26.8,27.2,27.6,27.9,28.3,28.7,..
Improved sanitation facilities (% of population with access),SH.STA.ACSN,"Congo, Rep.",COG,12.7,12.8,12.9,13.1,13.2,13.4,13.6,13.7,13.9,14.1,14.3,14.4,14.6,14.8,14.9,15,..
Improved sanitation facilities (% of population with access),SH.STA.ACSN,Costa Rica,CRI,91.4,91.7,92,92.3,92.6,92.8,93,93.3,93.5,93.7,93.9,94.1,94.3,94.5,94.5,94.5,..
Improved sanitation facilities (% of population with access),SH.STA.ACSN,Cote d'Ivoire,CIV,17.6,17.9,18.2,18.6,18.9,19.2,19.5,19.9,20.2,20.6,20.9,21.3,21.6,22,22.3,22.5,..
Improved sanitation facilities (% of population with access),SH.STA.ACSN,Croatia,HRV,97.3,97.3,97.3,97.3,97.2,97.2,97.2,97.2,97.1,97.1,97.1,97.1,97.1,97.1,97.1,97,..
Improved sanitation facilities (% of population with access),SH.STA.ACSN,Cuba,CUB,86.7,87.2,87.7,88.3,88.7,89.2,89.7,90.2,90.7,91.2,91.7,92.2,92.7,93.1,93.2,93.2,..
Improved sanitation facilities (% of population with access),SH.STA.ACSN,Curacao,CUW,..,..,..,..,..,..,..,..,..,..,..,..,..,..,..,..,..
Improved sanitation facilities (% of population with access),SH.STA.ACSN,Cyprus,CYP,100,100,100,100,100,100,100,100,100,100,100,100,100,100,100,100,..
Improved sanitation facilities (% of population with access),SH.STA.ACSN,Czech Republic,CZE,99.1,99.1,99.1,99.1,99.1,99.1,99.1,99.1,99.1,99.1,99.1,99.1,99.1,99.1,99.1,99.1,..
Improved sanitation facilities (% of population with access),SH.STA.ACSN,Denmark,DNK,99.6,99.6,99.6,99.6,99.6,99.6,99.6,99.6,99.6,99.6,99.6,99.6,99.6,99.6,99.6,99.6,..
Improved sanitation facilities (% of population with access),SH.STA.ACSN,Djibouti,DJI,59.5,58.4,57.3,56.1,55,53.9,52.8,51.7,50.6,49.5,48.4,47.3,47.3,47.3,47.4,47.4,..
Improved sanitation facilities (% of population with access),SH.STA.ACSN,Dominica,DMA,81.1,81.1,81.1,81.1,81.1,81.1,81.1,81.1,..,..,..,..,..,..,..,..,..
Improved sanitation facilities (% of population with access),SH.STA.ACSN,Dominican Republic,DOM,77.5,77.9,78.4,78.9,79.4,79.9,80.4,80.8,81.3,81.7,82.1,82.5,82.9,83.3,83.6,84,..
Improved sanitation facilities (% of population with access),SH.STA.ACSN,Ecuador,ECU,69.7,70.8,72,73.1,74.2,75.3,76.4,77.4,78.5,79.6,80.7,81.7,82.8,83.8,84.7,84.7,..
Improved sanitation facilities (% of population with access),SH.STA.ACSN,"Egypt, Arab Rep.",EGY,84.3,85.5,86.6,87.7,88.8,90,91.1,92.2,93.3,94.4,94.7,94.7,94.7,94.7,94.7,94.7,..
Improved sanitation facilities (% of population with access),SH.STA.ACSN,El Salvador,SLV,62.4,63.3,64.2,65.1,65.9,66.8,67.7,68.5,69.4,70.2,71,71.8,72.6,73.4,74.2,75,..
Improved sanitation facilities (% of population with access),SH.STA.ACSN,Equatorial Guinea,GNQ,80.2,79.7,79.3,78.9,78.4,78,77.5,77.1,76.7,76.2,75.8,75.4,74.9,74.5,74.5,74.5,..
Improved sanitation facilities (% of population with access),SH.STA.ACSN,Eritrea,ERI,11.4,11.7,12,12.4,12.7,13,13.3,13.7,14,14.3,14.6,14.9,15.3,15.4,15.6,15.7,..
Improved sanitation facilities (% of population with access),SH.STA.ACSN,Estonia,EST,97,97,97,97,97,97.1,97.1,97.1,97.1,97.1,97.2,97.2,97.2,97.2,97.2,97.2,..
Improved sanitation facilities (% of population with access),SH.STA.ACSN,Ethiopia,ETH,8.6,9.9,11.2,12.6,13.9,15.2,16.5,17.8,19.1,20.4,21.7,23,24.3,25.5,26.8,28,..
Improved sanitation facilities (% of population with access),SH.STA.ACSN,Faroe Islands,FRO,..,..,..,..,..,..,..,..,..,..,..,..,..,..,..,..,..
Improved sanitation facilities (% of population with access),SH.STA.ACSN,Fiji,FJI,74.6,76.2,77.7,79.3,80.8,82.3,83.8,85.3,86.8,88.2,89.6,91,91.1,91.1,91.1,91.1,..
Improved sanitation facilities (% of population with access),SH.STA.ACSN,Finland,FIN,97.4,97.4,97.5,97.5,97.5,97.5,97.5,97.5,97.5,97.6,97.6,97.6,97.6,97.6,97.6,97.6,..
Improved sanitation facilities (% of population with access),SH.STA.ACSN,France,FRA,98.7,98.7,98.7,98.7,98.7,98.7,98.7,98.7,98.7,98.7,98.7,98.7,98.7,98.7,98.7,98.7,..
Improved sanitation facilities (% of population with access),SH.STA.ACSN,French Polynesia,PYF,98,98.1,98.1,98.1,98.2,98.2,98.2,98.3,98.3,98.3,98.4,98.4,98.4,98.5,98.5,98.5,..
Improved sanitation facilities (% of population with access),SH.STA.ACSN,Gabon,GAB,38.8,39,39.2,39.4,39.6,39.8,40,40.3,40.5,40.7,40.9,41.2,41.4,41.6,41.8,41.9,..
Improved sanitation facilities (% of population with access),SH.STA.ACSN,"Gambia, The",GMB,59.7,59.6,59.5,59.4,59.3,59.2,59.1,59,58.9,58.9,58.8,58.8,58.7,58.8,58.8,58.9,..
Improved sanitation facilities (% of population with access),SH.STA.ACSN,Georgia,GEO,95.7,95,94.4,93.7,93.1,92.5,91.8,91.2,90.5,89.9,89.3,88.7,88.1,87.5,86.9,86.3,..
Improved sanitation facilities (% of population with access),SH.STA.ACSN,Germany,DEU,99.2,99.2,99.2,99.2,99.2,99.2,99.2,99.2,99.2,99.2,99.2,99.2,99.2,99.2,99.2,99.2,..
Improved sanitation facilities (% of population with access),SH.STA.ACSN,Ghana,GHA,10.3,10.6,11,11.3,11.6,12,12.3,12.6,13,13.3,13.7,14,14.4,14.7,14.8,14.9,..
Improved sanitation facilities (% of population with access),SH.STA.ACSN,Gibraltar,GIB,..,..,..,..,..,..,..,..,..,..,..,..,..,..,..,..,..
Improved sanitation facilities (% of population with access),SH.STA.ACSN,Greece,GRC,95.5,95.8,96.2,96.5,96.8,97.1,97.4,97.7,98,98.2,98.5,98.8,99,99,99,99,..
Improved sanitation facilities (% of population with access),SH.STA.ACSN,Greenland,GRL,100,100,100,100,100,100,100,100,100,100,100,100,100,100,100,100,..
Improved sanitation facilities (% of population with access),SH.STA.ACSN,Grenada,GRD,98,98,98,98,98,98,98,98,98,98,98,98,98,98,98,98,..
Improved sanitation facilities (% of population with access),SH.STA.ACSN,Guam,GUM,89.2,89.2,89.3,89.3,89.4,89.4,89.5,89.6,89.6,89.7,89.7,89.8,89.8,89.8,89.8,89.8,..
Improved sanitation facilities (% of population with access),SH.STA.ACSN,Guatemala,GTM,54.6,55.3,56,56.7,57.4,58.1,58.8,59.5,60.2,60.9,61.6,62.2,62.9,63.6,63.7,63.9,..
Improved sanitation facilities (% of population with access),SH.STA.ACSN,Guinea,GIN,12.9,13.4,13.8,14.3,14.8,15.3,15.8,16.3,16.8,17.3,17.9,18.4,18.9,19.4,20,20.1,..
Improved sanitation facilities (% of population with access),SH.STA.ACSN,Guinea-Bissau,GNB,12.4,13,13.7,14.3,15,15.6,16.3,16.9,17.6,18.2,18.9,19.6,20.2,20.5,20.7,20.8,..
Improved sanitation facilities (% of population with access),SH.STA.ACSN,Guyana,GUY,79.2,79.6,80,80.4,80.8,81.2,81.6,82,82.4,82.8,83.2,83.6,83.6,83.6,83.6,83.7,..
Improved sanitation facilities (% of population with access),SH.STA.ACSN,Haiti,HTI,21,21.6,22.1,22.6,23.2,23.7,24.2,24.6,25.1,25.5,25.9,26.3,26.7,27.1,27.4,27.6,..
Improved sanitation facilities (% of population with access),SH.STA.ACSN,Honduras,HND,63.3,64.7,66.2,67.6,69.1,70.5,71.9,73.3,74.7,76,77.4,78.7,80,81.3,82.6,82.6,..
Improved sanitation facilities (% of population with access),SH.STA.ACSN,"Hong Kong SAR, China",HKG,..,..,..,..,..,..,..,..,..,..,..,..,..,..,..,..,..
Improved sanitation facilities (% of population with access),SH.STA.ACSN,Hungary,HUN,98,98,98,98,98,98,98,98,98,98,98,98,98,98,98,98,..
Improved sanitation facilities (% of population with access),SH.STA.ACSN,Iceland,ISL,98.8,98.8,98.8,98.8,98.8,98.8,98.8,98.8,98.8,98.8,98.8,98.8,98.8,98.8,98.8,98.8,..
Improved sanitation facilities (% of population with access),SH.STA.ACSN,India,IND,25.6,26.6,27.6,28.6,29.6,30.6,31.6,32.6,33.6,34.6,35.5,36.5,37.5,38.5,39.5,39.6,..
Improved sanitation facilities (% of population with access),SH.STA.ACSN,Indonesia,IDN,47.1,48.1,49.2,50.2,51.2,52.1,53.1,54.1,55.1,56,57,57.9,58.8,59.7,60.6,60.8,..
Improved sanitation facilities (% of population with access),SH.STA.ACSN,"Iran, Islamic Rep.",IRN,78.9,79.9,80.8,81.8,82.8,83.8,84.8,85.7,86.7,87.6,88.6,89.3,89.6,89.9,89.9,90,..
Improved sanitation facilities (% of population with access),SH.STA.ACSN,Iraq,IRQ,75.3,76.2,76.9,77.7,78.5,79.3,80.1,80.9,81.7,82.5,83.3,84,84.8,85.6,85.6,85.6,..
Improved sanitation facilities (% of population with access),SH.STA.ACSN,Ireland,IRL,89.2,89.3,89.4,89.5,89.6,89.7,89.8,89.9,90,90,90.1,90.2,90.3,90.4,90.5,90.5,..
Improved sanitation facilities (% of population with access),SH.STA.ACSN,Isle of Man,IMN,..,..,..,..,..,..,..,..,..,..,..,..,..,..,..,..,..
Improved sanitation facilities (% of population with access),SH.STA.ACSN,Israel,ISR,100,100,100,100,100,100,100,100,100,100,100,100,100,100,100,100,..
Improved sanitation facilities (% of population with access),SH.STA.ACSN,Italy,ITA,99.5,99.5,99.5,99.5,99.5,99.5,99.5,99.5,99.5,99.5,99.5,99.5,99.5,99.5,99.5,99.5,..
Improved sanitation facilities (% of population with access),SH.STA.ACSN,Jamaica,JAM,80.7,80.8,80.9,81,81,81.1,81.2,81.3,81.4,81.5,81.6,81.6,81.7,81.8,81.8,81.8,..
Improved sanitation facilities (% of population with access),SH.STA.ACSN,Japan,JPN,100,100,100,100,100,100,100,100,100,100,100,100,100,100,100,100,..
Improved sanitation facilities (% of population with access),SH.STA.ACSN,Jordan,JOR,97.8,97.9,98,98,98.1,98.2,98.2,98.3,98.3,98.4,98.5,98.5,98.6,98.6,98.6,98.6,..
Improved sanitation facilities (% of population with access),SH.STA.ACSN,Kazakhstan,KAZ,96.8,96.8,96.9,97,97,97.1,97.1,97.2,97.3,97.3,97.4,97.4,97.5,97.5,97.5,97.5,..
Improved sanitation facilities (% of population with access),SH.STA.ACSN,Kenya,KEN,26.9,27.1,27.4,27.6,27.8,28,28.3,28.5,28.7,29,29.2,29.4,29.6,29.9,30.1,30.1,..
Improved sanitation facilities (% of population with access),SH.STA.ACSN,Kiribati,KIR,34.2,34.8,35.2,35.7,36.1,36.5,37,37.4,37.9,38.3,38.8,39.2,39.7,39.7,39.7,39.7,..
Improved sanitation facilities (% of population with access),SH.STA.ACSN,"Korea, Dem. People’s Rep.",PRK,60.9,62.8,64.7,66.6,68.5,70.4,72.3,74.2,76.1,78,79.9,81.8,81.8,81.9,81.9,81.9,..
Improved sanitation facilities (% of population with access),SH.STA.ACSN,"Korea, Rep.",KOR,100,100,100,100,100,100,100,100,100,100,100,100,100,100,100,100,..
Improved sanitation facilities (% of population with access),SH.STA.ACSN,Kosovo,XKX,..,..,..,..,..,..,..,..,..,..,..,..,..,..,..,..,..
Improved sanitation facilities (% of population with access),SH.STA.ACSN,Kuwait,KWT,100,100,100,100,100,100,100,100,100,100,100,100,100,100,100,100,..
Improved sanitation facilities (% of population with access),SH.STA.ACSN,Kyrgyz Republic,KGZ,91.8,91.9,92,92.1,92.2,92.3,92.4,92.5,92.6,92.7,92.8,92.9,93,93.1,93.2,93.3,..
Improved sanitation facilities (% of population with access),SH.STA.ACSN,Lao PDR,LAO,28,31.1,34.2,37.3,40.3,43.4,46.5,49.6,52.6,55.7,58.7,61.7,64.6,67.6,70.5,70.9,..
Improved sanitation facilities (% of population with access),SH.STA.ACSN,Latvia,LVA,81.7,81.7,82.1,82.6,83,83.5,83.9,84.3,84.8,85.2,85.6,86.1,86.5,86.9,87.4,87.8,..
Improved sanitation facilities (% of population with access),SH.STA.ACSN,Lebanon,LBN,82.7,82.7,82.7,82.4,82.2,82,81.8,81.6,81.3,81.1,80.9,80.7,80.7,80.7,80.7,80.7,..
Improved sanitation facilities (% of population with access),SH.STA.ACSN,Lesotho,LSO,23.9,24.3,24.8,25.3,25.7,26.2,26.7,27.1,27.6,28,28.5,28.9,29.3,29.8,30.2,30.3,..
Improved sanitation facilities (% of population with access),SH.STA.ACSN,Liberia,LBR,13.1,13.4,13.6,13.8,14.1,14.3,14.6,14.8,15.1,15.3,15.6,15.8,16.1,16.4,16.6,16.9,..
Improved sanitation facilities (% of population with access),SH.STA.ACSN,Libya,LBY,96.5,96.5,96.5,96.5,96.5,96.5,96.5,96.5,96.6,96.6,96.6,96.6,96.6,96.6,96.6,96.6,..
Improved sanitation facilities (% of population with access),SH.STA.ACSN,Liechtenstein,LIE,..,..,..,..,..,..,..,..,..,..,..,..,..,..,..,..,..
Improved sanitation facilities (% of population with access),SH.STA.ACSN,Lithuania,LTU,86.6,86.9,87.3,87.7,88.1,88.5,88.9,89.3,89.7,90.1,90.5,90.8,91.2,91.6,92,92.4,..
Improved sanitation facilities (% of population with access),SH.STA.ACSN,Luxembourg,LUX,97.7,97.7,97.7,97.7,97.7,97.7,97.7,97.6,97.6,97.6,97.6,97.6,97.6,97.6,97.6,97.6,..
Improved sanitation facilities (% of population with access),SH.STA.ACSN,"Macao SAR, China",MAC,..,..,..,..,..,..,..,..,..,..,..,..,..,..,..,..,..
Improved sanitation facilities (% of population with access),SH.STA.ACSN,"Macedonia, FYR",MKD,89.8,89.8,89.8,89.8,89.8,90,90.1,90.3,90.5,90.6,90.8,91,91,90.9,90.9,90.9,..
Improved sanitation facilities (% of population with access),SH.STA.ACSN,Madagascar,MDG,10.3,10.4,10.5,10.6,10.6,10.8,10.9,11,11.1,11.2,11.4,11.5,11.6,11.7,11.9,12,..
Improved sanitation facilities (% of population with access),SH.STA.ACSN,Malawi,MWI,34.3,34.7,35.2,35.6,36.1,36.5,37,37.4,37.9,38.3,38.8,39.2,39.7,40.1,40.6,41,..
Improved sanitation facilities (% of population with access),SH.STA.ACSN,Malaysia,MYS,91.2,91.6,92.1,92.5,92.9,93.4,93.8,94.2,94.6,95,95.4,95.7,95.9,96,96,96,..
Improved sanitation facilities (% of population with access),SH.STA.ACSN,Maldives,MDV,79.4,81.5,83.5,85.4,87.3,89.1,90.9,92.6,94.2,95.8,97.3,98,98,98,98,97.9,..
Improved sanitation facilities (% of population with access),SH.STA.ACSN,Mali,MLI,18,18.4,18.9,19.3,19.7,20.2,20.6,21.1,21.5,22,22.4,22.9,23.3,23.8,24.2,24.7,..
Improved sanitation facilities (% of population with access),SH.STA.ACSN,Malta,MLT,100,100,100,100,100,100,100,100,100,100,100,100,100,100,100,100,..
Improved sanitation facilities (% of population with access),SH.STA.ACSN,Marshall Islands,MHL,70.1,70.6,71.1,71.6,72.1,72.7,73.2,73.7,74.2,74.7,75.2,75.7,76.2,76.7,76.8,76.9,..
Improved sanitation facilities (% of population with access),SH.STA.ACSN,Mauritania,MRT,23.7,24.8,26,27.2,28.4,29.5,30.8,32,33.2,34.4,35.7,36.9,38.2,39.5,39.7,40,..
Improved sanitation facilities (% of population with access),SH.STA.ACSN,Mauritius,MUS,91.4,91.5,91.6,91.8,91.9,92,92.2,92.3,92.4,92.6,92.7,92.9,93,93.2,93.2,93.1,..
Improved sanitation facilities (% of population with access),SH.STA.ACSN,Mexico,MEX,74.7,75.5,76.3,77.1,77.8,78.6,79.4,80.1,80.9,81.6,82.3,83,83.7,84.4,85.1,85.2,..
Improved sanitation facilities (% of population with access),SH.STA.ACSN,"Micronesia, Fed. Sts.",FSM,33.6,35.6,37.5,39.5,41.4,43.4,45.3,47.3,49.2,51.2,53.1,55.1,57,57,57.1,57.1,..
Improved sanitation facilities (% of population with access),SH.STA.ACSN,Moldova,MDA,72.7,72.9,73.2,73.4,73.7,73.9,74.2,74.5,74.7,75,75.3,75.5,75.8,76.1,76.4,76.4,..
Improved sanitation facilities (% of population with access),SH.STA.ACSN,Monaco,MCO,100,100,100,100,100,100,100,100,100,100,100,100,100,100,100,100,..
Improved sanitation facilities (% of population with access),SH.STA.ACSN,Mongolia,MNG,48.2,49.2,50.1,51,51.9,52.7,53.5,54.3,55.1,55.8,56.5,57.2,57.9,58.5,59.1,59.7,..
Improved sanitation facilities (% of population with access),SH.STA.ACSN,Montenegro,MNE,89.2,89.3,89.3,89.8,90.4,90.9,91.4,91.9,92.5,93,93.5,94,94.6,95.1,95.6,95.9,..
Improved sanitation facilities (% of population with access),SH.STA.ACSN,Morocco,MAR,64,65,66,66.9,67.9,68.9,69.9,70.9,71.9,72.9,73.8,74.7,75.6,76.5,76.6,76.7,..
Improved sanitation facilities (% of population with access),SH.STA.ACSN,Mozambique,MOZ,14.1,14.6,15,15.5,16,16.5,16.9,17.4,17.9,18.4,18.8,19.3,19.8,20.3,20.4,20.5,..
Improved sanitation facilities (% of population with access),SH.STA.ACSN,Myanmar,MMR,61.9,63.4,64.9,66.4,67.9,69.4,70.8,72.3,73.8,75.2,76.6,78,79.4,79.5,79.5,79.6,..
Improved sanitation facilities (% of population with access),SH.STA.ACSN,Namibia,NAM,27.4,27.8,28.3,28.8,29.3,29.8,30.3,30.8,31.3,31.7,32.2,32.7,33.1,33.6,34,34.4,..
Improved sanitation facilities (% of population with access),SH.STA.ACSN,Nauru,NRU,65.7,65.7,65.7,65.7,65.7,65.7,65.7,65.6,65.6,65.6,65.6,65.6,65.6,65.6,65.6,65.6,..
Improved sanitation facilities (% of population with access),SH.STA.ACSN,Nepal,NPL,21.7,23.4,25,26.6,28.3,29.9,31.5,33.1,34.7,36.3,37.9,39.5,41.1,42.6,44.2,45.8,..
Improved sanitation facilities (% of population with access),SH.STA.ACSN,Netherlands,NLD,98.1,98,98,98,97.9,97.9,97.9,97.9,97.8,97.8,97.8,97.8,97.8,97.8,97.7,97.7,..
Improved sanitation facilities (% of population with access),SH.STA.ACSN,New Caledonia,NCL,100,100,100,100,100,100,100,100,100,100,100,100,100,100,100,100,..
Improved sanitation facilities (% of population with access),SH.STA.ACSN,New Zealand,NZL,..,..,..,..,..,..,..,..,..,..,..,..,..,..,..,..,..
Improved sanitation facilities (% of population with access),SH.STA.ACSN,Nicaragua,NIC,54.4,55.5,56.5,57.5,58.6,59.6,60.6,61.6,62.7,63.7,64.7,65.7,66.8,67.8,67.8,67.9,..
Improved sanitation facilities (% of population with access),SH.STA.ACSN,Niger,NER,6.6,6.8,7.1,7.4,7.7,7.9,8.2,8.5,8.8,9.1,9.5,9.8,10.1,10.5,10.8,10.9,..
Improved sanitation facilities (% of population with access),SH.STA.ACSN,Nigeria,NGA,34,33.7,33.3,32.9,32.6,32.2,31.9,31.5,31.2,30.8,30.5,30.2,29.9,29.6,29.3,29,..
Improved sanitation facilities (% of population with access),SH.STA.ACSN,Northern Mariana Islands,MNP,73.7,74.2,74.7,75.2,75.7,76.2,76.7,77.2,77.7,78.2,78.7,79.2,79.7,79.7,79.7,79.7,..
Improved sanitation facilities (% of population with access),SH.STA.ACSN,Norway,NOR,98.1,98.1,98.1,98.1,98.1,98.1,98.1,98.1,98.1,98.1,98.1,98.1,98.1,98.1,98.1,98.1,..
Improved sanitation facilities (% of population with access),SH.STA.ACSN,Oman,OMN,89,89.8,90.7,91.5,92.4,93.3,94.2,95,95.9,96.7,96.7,96.7,96.7,96.7,96.7,96.7,..
Improved sanitation facilities (% of population with access),SH.STA.ACSN,Pakistan,PAK,36.9,38.7,40.5,42.3,44.1,45.9,47.6,49.4,51.2,53,54.8,56.5,58.3,60,61.8,63.5,..
Improved sanitation facilities (% of population with access),SH.STA.ACSN,Palau,PLW,81,84.8,88.5,92.1,95.6,98,99.3,100,100,100,100,100,100,100,100,100,..
Improved sanitation facilities (% of population with access),SH.STA.ACSN,Panama,PAN,66.8,67.4,67.9,68.5,69,69.6,70.1,70.7,71.2,71.8,72.3,72.9,73.4,73.9,74.5,75,..
Improved sanitation facilities (% of population with access),SH.STA.ACSN,Papua New Guinea,PNG,19.2,19.2,19.1,19.1,19.1,19.1,19.1,19,19,19,19,18.9,18.9,18.9,18.9,18.9,..
Improved sanitation facilities (% of population with access),SH.STA.ACSN,Paraguay,PRY,68.5,70.1,71.6,73,74.4,75.8,77.2,78.6,80,81.3,82.7,84.1,85.4,86.8,87.8,88.6,..
Improved sanitation facilities (% of population with access),SH.STA.ACSN,Peru,PER,62.9,63.9,64.8,65.8,66.7,67.6,68.5,69.4,70.3,71.2,72,72.9,73.7,74.6,75.4,76.2,..
Improved sanitation facilities (% of population with access),SH.STA.ACSN,Philippines,PHL,63.8,64.5,65.1,65.8,66.4,67.1,67.8,68.4,69.1,69.8,70.5,71.1,71.8,72.5,73.2,73.9,..
Improved sanitation facilities (% of population with access),SH.STA.ACSN,Poland,POL,87,87.8,88.5,89.2,89.9,90.6,91.3,92.1,92.8,93.5,94.3,95,95.7,96.5,97.2,97.2,..
Improved sanitation facilities (% of population with access),SH.STA.ACSN,Portugal,PRT,96.2,96.5,96.8,97.1,97.3,97.6,97.9,98.2,98.5,98.7,99,99.2,99.5,99.6,99.7,99.7,..
Improved sanitation facilities (% of population with access),SH.STA.ACSN,Puerto Rico,PRI,99.3,99.3,99.3,99.3,99.3,99.3,99.3,99.3,99.3,99.3,99.3,99.3,99.3,99.3,99.3,99.3,..
Improved sanitation facilities (% of population with access),SH.STA.ACSN,Qatar,QAT,99.4,99.3,99.2,99.1,98.9,98.8,98.7,98.6,98.5,98.4,98.3,98.1,98,98,98,98,..
Improved sanitation facilities (% of population with access),SH.STA.ACSN,Romania,ROU,73.8,74.1,74.4,74.8,75.2,75.6,75.9,76.3,76.7,77.1,77.5,77.9,78.3,78.6,79,79.1,..
Improved sanitation facilities (% of population with access),SH.STA.ACSN,Russian Federation,RUS,72.5,72.4,72.4,72.4,72.4,72.4,72.3,72.3,72.3,72.3,72.3,72.3,72.2,72.2,72.2,72.2,..
Improved sanitation facilities (% of population with access),SH.STA.ACSN,Rwanda,RWA,46.6,47.8,48.9,50,51.1,52.2,53.3,54.3,55.3,56.3,57.2,58.2,59.1,60,60.8,61.6,..
Improved sanitation facilities (% of population with access),SH.STA.ACSN,Samoa,WSM,92.2,92.2,92.1,92.1,92,92,91.9,91.8,91.8,91.7,91.7,91.6,91.6,91.5,91.5,91.5,..
Improved sanitation facilities (% of population with access),SH.STA.ACSN,San Marino,SMR,..,..,..,..,..,..,..,..,..,..,..,..,..,..,..,..,..
Improved sanitation facilities (% of population with access),SH.STA.ACSN,Sao Tome and Principe,STP,20.9,22.1,23.3,24.5,25.7,26.9,28.1,29.4,30.6,31.8,33,34.3,34.4,34.5,34.6,34.7,..
Improved sanitation facilities (% of population with access),SH.STA.ACSN,Saudi Arabia,SAU,96.8,97.3,97.9,98.5,99.1,99.7,100,100,100,100,100,100,100,100,100,100,..
Improved sanitation facilities (% of population with access),SH.STA.ACSN,Senegal,SEN,40.3,40.7,41.2,41.7,42.1,42.6,43.1,43.6,44.1,44.6,45.1,45.6,46.1,46.6,47.1,47.6,..
Improved sanitation facilities (% of population with access),SH.STA.ACSN,Serbia,SRB,96.9,96.9,96.8,96.8,96.8,96.7,96.7,96.7,96.6,96.6,96.6,96.5,96.5,96.5,96.5,96.4,..
Improved sanitation facilities (% of population with access),SH.STA.ACSN,Seychelles,SYC,98.4,98.4,98.4,98.4,98.4,98.4,98.4,98.4,98.4,98.4,98.4,98.4,98.4,98.4,98.4,98.4,..
Improved sanitation facilities (% of population with access),SH.STA.ACSN,Sierra Leone,SLE,11.3,11.5,11.6,11.7,11.8,11.9,12.1,12.2,12.3,12.5,12.6,12.7,12.8,13,13.1,13.3,..
Improved sanitation facilities (% of population with access),SH.STA.ACSN,Singapore,SGP,99.7,99.8,99.8,99.9,99.9,100,100,100,100,100,100,100,100,100,100,100,..
Improved sanitation facilities (% of population with access),SH.STA.ACSN,Sint Maarten (Dutch part),SXM,..,..,..,..,..,..,..,..,..,..,..,..,..,..,..,..,..
Improved sanitation facilities (% of population with access),SH.STA.ACSN,Slovak Republic,SVK,98.9,98.9,98.9,98.9,98.9,98.9,98.8,98.8,98.8,98.8,98.8,98.8,98.8,98.8,98.8,98.8,..
Improved sanitation facilities (% of population with access),SH.STA.ACSN,Slovenia,SVN,99.1,99.1,99.1,99.1,99.1,99.1,99.1,99.1,99.1,99.1,99.1,99.1,99.1,99.1,99.1,99.1,..
Improved sanitation facilities (% of population with access),SH.STA.ACSN,Solomon Islands,SLB,25.5,25.7,26,26.2,26.5,26.8,27.1,27.4,27.7,28,28.3,28.6,28.9,29.2,29.5,29.8,..
Improved sanitation facilities (% of population with access),SH.STA.ACSN,Somalia,SOM,21.8,21.9,22,22.1,22.3,22.4,22.6,22.7,22.9,23.1,23.3,23.5,..,..,..,..,..
Improved sanitation facilities (% of population with access),SH.STA.ACSN,South Africa,ZAF,57.2,57.8,58.5,59.2,59.8,60.4,61.1,61.7,62.3,62.9,63.5,64.1,64.7,65.3,65.8,66.4,..
Improved sanitation facilities (% of population with access),SH.STA.ACSN,South Sudan,SSD,..,..,..,..,..,..,..,..,..,..,..,6.6,6.6,6.7,6.7,6.7,..
Improved sanitation facilities (% of population with access),SH.STA.ACSN,Spain,ESP,99.9,99.9,99.9,99.9,99.9,99.9,99.9,99.9,99.9,99.9,99.9,99.9,99.9,99.9,99.9,99.9,..
Improved sanitation facilities (% of population with access),SH.STA.ACSN,Sri Lanka,LKA,81.2,82.2,83.3,84.3,85.4,86.4,87.5,88.5,89.6,90.6,91.7,92.7,93.8,94.8,95.1,95.1,..
Improved sanitation facilities (% of population with access),SH.STA.ACSN,St. Kitts and Nevis,KNA,87.3,87.3,87.3,87.3,87.3,87.3,87.3,87.3,..,..,..,..,..,..,..,..,..
Improved sanitation facilities (% of population with access),SH.STA.ACSN,St. Lucia,LCA,83.1,83.6,84.1,84.6,85.1,85.7,86.2,86.8,87.3,87.9,88.5,89,89.5,90,90.5,90.5,..
Improved sanitation facilities (% of population with access),SH.STA.ACSN,St. Martin (French part),MAF,..,..,..,..,..,..,..,..,..,..,..,..,..,..,..,..,..
Improved sanitation facilities (% of population with access),SH.STA.ACSN,St. Vincent and the Grenadines,VCT,73.2,74.2,75.1,76.1,76.1,76.1,76.1,76.1,..,..,..,..,..,..,..,..,..
Improved sanitation facilities (% of population with access),SH.STA.ACSN,Sudan,SDN,25.4,25.1,24.8,24.5,24.3,24,23.7,23.4,23.1,22.8,22.5,23.5,23.5,23.6,23.6,..,..
Improved sanitation facilities (% of population with access),SH.STA.ACSN,Suriname,SUR,80.9,80.8,80.7,80.6,80.5,80.3,80.2,80,79.9,79.7,79.6,79.4,79.3,79.2,79.2,79.2,..
Improved sanitation facilities (% of population with access),SH.STA.ACSN,Swaziland,SWZ,51.8,52.3,52.7,53.2,53.7,54.1,54.6,55.1,55.6,56,56.5,57,57.5,57.5,57.5,57.5,..
Improved sanitation facilities (% of population with access),SH.STA.ACSN,Sweden,SWE,99.3,99.3,99.3,99.3,99.3,99.3,99.3,99.3,99.3,99.3,99.3,99.3,99.3,99.3,99.3,99.3,..
Improved sanitation facilities (% of population with access),SH.STA.ACSN,Switzerland,CHE,99.9,99.9,99.9,99.9,99.9,99.9,99.9,99.9,99.9,99.9,99.9,99.9,99.9,99.9,99.9,99.9,..
Improved sanitation facilities (% of population with access),SH.STA.ACSN,Syrian Arab Republic,SYR,88.6,89.3,89.9,90.5,91.1,91.7,92.3,92.9,93.5,94,94.6,95.2,95.7,95.7,95.7,95.7,..
Improved sanitation facilities (% of population with access),SH.STA.ACSN,Tajikistan,TJK,90.4,90.7,91.1,91.4,91.7,92.1,92.4,92.7,93,93.4,93.7,94,94.4,94.7,95,95,..
Improved sanitation facilities (% of population with access),SH.STA.ACSN,Tanzania,TZA,9.3,9.6,9.9,10.2,10.6,11,11.4,11.8,12.2,12.6,13.1,13.6,14,14.5,15,15.6,..
Improved sanitation facilities (% of population with access),SH.STA.ACSN,Thailand,THA,91.3,91.7,92.1,92.5,92.8,93.2,93.5,93.5,93.5,93.4,93.3,93.3,93.2,93.1,93,93,..
Improved sanitation facilities (% of population with access),SH.STA.ACSN,Timor-Leste,TLS,37.4,37.4,37.5,37.6,37.7,37.8,38,38.3,38.5,38.8,39.1,39.5,39.8,40.1,40.4,40.6,..
Improved sanitation facilities (% of population with access),SH.STA.ACSN,Togo,TGO,11.4,11.4,11.4,11.4,11.4,11.4,11.4,11.4,11.5,11.5,11.5,11.5,11.5,11.6,11.6,11.6,..
Improved sanitation facilities (% of population with access),SH.STA.ACSN,Tonga,TON,93,92.8,92.7,92.5,92.4,92.3,92.1,92,91.8,91.7,91.6,91.4,91.3,91.1,91,91,..
Improved sanitation facilities (% of population with access),SH.STA.ACSN,Trinidad and Tobago,TTO,90.7,90.8,90.8,90.9,91,91.1,91.1,91.2,91.3,91.4,91.4,91.5,91.5,91.5,91.5,91.5,..
Improved sanitation facilities (% of population with access),SH.STA.ACSN,Tunisia,TUN,81.9,82.7,83.4,84.2,85,85.6,86.3,87,87.7,88.3,89,89.6,90.3,90.9,91.6,91.6,..
Improved sanitation facilities (% of population with access),SH.STA.ACSN,Turkey,TUR,88.1,88.6,89.1,89.7,90.1,90.6,91.1,91.6,92,92.5,92.9,93.3,93.7,94.1,94.5,94.9,..
Improved sanitation facilities (% of population with access),SH.STA.ACSN,Turkmenistan,TKM,62.3,62.4,62.4,62.5,62.6,62.6,62.7,..,..,..,..,..,..,..,..,..,..
Improved sanitation facilities (% of population with access),SH.STA.ACSN,Turks and Caicos Islands,TCA,81.4,81.4,81.4,81.4,81.4,81.4,81.4,81.4,..,..,..,..,..,..,..,..,..
Improved sanitation facilities (% of population with access),SH.STA.ACSN,Tuvalu,TUV,78.4,78.9,79.5,80,80.5,81.1,81.6,82.1,82.7,83.2,83.2,83.3,83.3,83.3,..,..,..
Improved sanitation facilities (% of population with access),SH.STA.ACSN,Uganda,UGA,15.6,15.8,16,16.3,16.5,16.8,17,17.3,17.5,17.8,18,18.3,18.5,18.8,19,19.1,..
Improved sanitation facilities (% of population with access),SH.STA.ACSN,Ukraine,UKR,94.7,94.7,94.8,94.9,95,95.1,95.2,95.3,95.4,95.5,95.6,95.7,95.8,95.8,95.9,95.9,..
Improved sanitation facilities (% of population with access),SH.STA.ACSN,United Arab Emirates,ARE,97.4,97.4,97.4,97.4,97.5,97.5,97.5,97.5,97.5,97.5,97.5,97.5,97.5,97.5,97.5,97.6,..
Improved sanitation facilities (% of population with access),SH.STA.ACSN,United Kingdom,GBR,99.2,99.2,99.2,99.2,99.2,99.2,99.2,99.2,99.2,99.2,99.2,99.2,99.2,99.2,99.2,99.2,..
Improved sanitation facilities (% of population with access),SH.STA.ACSN,United States,USA,99.7,99.8,99.8,99.8,99.8,99.8,99.9,99.9,99.9,99.9,99.9,100,100,100,100,100,..
Improved sanitation facilities (% of population with access),SH.STA.ACSN,Uruguay,URY,93.5,93.7,93.9,94.1,94.3,94.5,94.7,94.9,95.1,95.3,95.5,95.7,95.9,96.1,96.3,96.4,..
Improved sanitation facilities (% of population with access),SH.STA.ACSN,Uzbekistan,UZB,90.9,92.2,93.4,94.7,96,97.3,98.6,99.9,100,100,100,100,100,100,100,100,..
Improved sanitation facilities (% of population with access),SH.STA.ACSN,Vanuatu,VUT,41.7,43.1,44.6,46.1,47.6,49.1,50.5,52,53.5,54.9,56.4,57.8,57.9,57.9,57.9,57.9,..
Improved sanitation facilities (% of population with access),SH.STA.ACSN,"Venezuela, RB",VEN,88.3,88.8,89.3,89.8,90.3,90.7,91.2,91.7,92.1,92.6,93,93.5,94,94.4,94.4,94.4,..
Improved sanitation facilities (% of population with access),SH.STA.ACSN,Vietnam,VNM,52.9,54.6,56.3,58,59.7,61.4,63,64.7,66.4,68.1,69.7,71.4,73.1,74.7,76.3,78,..
Improved sanitation facilities (% of population with access),SH.STA.ACSN,Virgin Islands (U.S.),VIR,96.4,96.4,96.4,96.4,96.4,96.4,96.4,96.4,96.4,96.4,96.4,96.4,96.4,96.4,96.4,96.4,..
Improved sanitation facilities (% of population with access),SH.STA.ACSN,West Bank and Gaza,PSE,88.6,88.9,89.2,89.5,89.9,90.2,90.5,90.7,91,91.3,91.6,91.9,92.2,92.3,92.3,92.3,..
Improved sanitation facilities (% of population with access),SH.STA.ACSN,"Yemen, Rep.",YEM,39.4,41,42.5,44.1,45.7,47.3,48.8,50.4,52,52.3,52.7,53,53.3,..,..,..,..
Improved sanitation facilities (% of population with access),SH.STA.ACSN,Zambia,ZMB,40.6,40.7,41,41.2,41.5,41.7,41.9,42.2,42.4,42.6,42.8,43,43.2,43.5,43.7,43.9,..
Improved sanitation facilities (% of population with access),SH.STA.ACSN,Zimbabwe,ZWE,39.2,39.2,39.1,38.9,38.8,38.6,38.4,38.2,38.1,37.9,37.7,37.5,37.3,37.2,37,36.8,..
,,,,,,,,,,,,,,,,,,,,
,,,,,,,,,,,,,,,,,,,,
,,,,,,,,,,,,,,,,,,,,
Data from database: World Development Indicators,,,,,,,,,,,,,,,,,,,,
Last Updated: 03/23/2017,,,,,,,,,,,,,,,,,,,,
